{
    "version": 3,

    "configurePresets": [
        {
            "name": "common",
            "hidden": true,
            "generator": "Ninja",
            "binaryDir": "${sourceDir}/bin/${presetName}",

            "architecture": {
                "value": "x64",
                "strategy": "external"
            }
        },

        {
            "name": "debug",
            "displayName": "Debug",
            "inherits": "common",
            "cacheVariables": {
                "CMAKE_BUILD_TYPE": "Debug"
            }
        },
        {
            "name": "release",
            "displayName": "Release",
            "inherits": "common",
            "cacheVariables": {
                "CMAKE_BUILD_TYPE": "Release"
            }
        }
    ],


    "buildPresets": [
        {
            "name": "debug",
            "displayName": "Debug",
            "configurePreset": "debug"
        },
        {
            "name": "release",
            "displayName": "Release",
            "configurePreset": "release"
        }
    ]
}